0/alpha,0/cost_critic/cost_batch,0/cost_critic/cost_batch_max,0/cpq_alpha,0/loss/actor,0/loss/alpha,0/loss/conservative_c,0/loss/cpq_alpha,0/loss/critic1,0/loss/critic2,0/loss/critic_c,0/loss/origin_critic_c,1/alpha,1/cost_critic/cost_batch,1/cost_critic/cost_batch_max,1/cpq_alpha,1/loss/actor,1/loss/alpha,1/loss/conservative_c,1/loss/cpq_alpha,1/loss/critic1,1/loss/critic2,1/loss/critic_c,1/loss/origin_critic_c,2/alpha,2/cost_critic/cost_batch,2/cost_critic/cost_batch_max,2/cpq_alpha,2/loss/actor,2/loss/alpha,2/loss/conservative_c,2/loss/cpq_alpha,2/loss/critic1,2/loss/critic2,2/loss/critic_c,2/loss/origin_critic_c,eval/episode_cost_0,eval/episode_cost_1,eval/episode_cost_2,eval/episode_cost_mean,eval/episode_length_0,eval/episode_length_1,eval/episode_length_2,eval/episode_reward_0,eval/episode_reward_1,eval/episode_reward_2,eval/episode_reward_mean,timestep
0.8789978828430185,0.24095566840446578,7.598021155994386,1.732259275436404,-18.126562737464894,-1.0794751492431383,-64.46733952713004,-64.46733952713004,7.874043859004968,8.734671180844307,64.50212221908573,0.03478272813372309,0.8789206891059873,0.9909005829319377,5.1766634534150295,1.732878430843354,-8.497551074266438,-1.0466069628585846,-63.07234016418455,-63.07234016418455,3.8693350710868843,3.575362542748449,63.17699114227284,0.1046509964615107,0.8788436636328698,1.036743805452249,5.277926940502599,1.7334973460435859,-8.015940894603728,-1.0201724098953422,-63.061177829742384,-63.061177829742384,4.198982528924936,4.024128793954853,63.1730766601564,0.11189876610785707,82.3,0.0,0.0,27.433333333333334,250.0,300.0,300.0,152.4693578692757,244.5494896540925,253.85250671496723,216.95711807944517,1000
0.6712437350749976,0.8968813295960428,22.92251572895052,5.430978475093847,-44.89066781234745,-2.72108438241482,-198.65616658020022,-198.65616658020022,32.8027584934235,33.62638441085815,198.84394020843496,0.18777357176505063,0.6711812431216237,2.8950318108797073,18.36998546886444,5.43312004232406,-19.724982758522092,-2.6721415077447848,-187.81950742340075,-187.81950742340075,9.427772193908702,9.605523053169229,188.06798989105232,0.24848255696892713,0.6711190092563637,3.0544763153791425,18.090469299316375,5.435258057832711,-18.58975322914121,-2.541508184552198,-187.7669864959712,-187.7669864959712,10.293165750503572,10.280202714920042,188.05009854125964,0.28311185002326994,234.7,244.0,164.6,214.4333333333333,300.0,300.0,246.9,606.1087713060244,709.0219034162008,561.427778731145,625.5194844844567,2000
0.505788831561804,1.4989892446398771,35.89361983108515,17.80460555362702,-69.60084146881105,-3.853236651659013,-641.2448595886236,-641.2448595886236,74.59344381713859,74.76470441055325,641.7369259643557,0.49206656057387604,0.5057403173446654,4.8352391145229205,31.504803928375257,17.81169423389436,-28.567348049163794,-4.209372695922846,-582.7609114685054,-582.7609114685054,32.625039534568785,33.090577328681974,583.2684645385754,0.5075532148927454,0.5056919123232364,5.110118163824069,30.62358543777467,17.818760461807248,-28.881466791152967,-3.920436975240707,-583.2852225952155,-583.2852225952155,31.876232640266473,32.377539437294004,583.8424034423836,0.5571813276261081,145.5,157.8,122.9,142.0666666666667,250.9,300.0,276.7,473.9354697957434,801.4689634399584,750.4944886628875,675.2996406328631,3000
0.37877592357993234,2.012497580766677,46.45808617782589,58.509316278457696,-91.0516191711424,-4.90987381339073,-2079.2960305175757,-2079.2960305175757,79.14286639785784,80.65322596359248,2080.107400390625,0.8113701868057266,0.37873928612470636,6.712874192237853,42.94816873931882,58.53262847137446,-30.929926376342806,-5.528229468822491,-1811.6928042602556,-1811.6928042602556,23.541324152946498,23.481724508285488,1812.5263629760746,0.8335584056675412,0.37870269700884673,7.101336851119981,41.34504388809194,58.55583085060122,-32.248424602508585,-5.142900714635841,-1811.6800750122088,-1811.6800750122088,26.24375166416172,26.74764428901669,1812.5859385986334,0.905864890009165,130.2,66.4,55.9,84.16666666666667,204.2,286.3,275.5,436.508731245833,714.3803062321463,669.7817163696393,606.8902512825396,4000
0.283836320638657,2.4608315452337255,56.202668338775574,139.85143832397483,-111.93239669036856,-5.4151821308136086,-4913.501040283207,-4913.501040283207,90.24231165313704,93.14291458511366,4914.566156494143,1.0651149516403664,0.28380910655856134,8.49685275363923,52.043152828216556,139.86765272522004,-40.07098486328134,-6.55472544670105,-4110.90880908203,-4110.90880908203,23.89347214508055,23.528443493843117,4112.051075927731,1.1422641895413412,0.2837818738818167,9.025999765396115,49.9679903564452,139.88377362060538,-41.510679283142096,-6.082568552494046,-4100.737239013672,-4100.737239013672,26.432656862258955,26.23715556907652,4101.962183105465,1.224946284890173,140.9,71.0,35.8,82.56666666666666,238.7,300.0,284.5,637.1869864458457,746.8517045584884,741.65816919926,708.5656200678646,5000
0.21354930388927468,2.8732439792156232,63.42805495452873,148.4131622314453,-130.65260640716536,-5.421323288440708,-5157.888953124999,-5157.888953124999,104.84397499084471,107.99575299072254,5159.186584960934,1.2976413773298248,0.21352915449440446,10.087319227218615,59.383912719726546,148.4131622314453,-49.758477207183795,-7.1078775920867905,-4145.0733410644525,-4145.0733410644525,29.872972747802734,29.73360165596012,4146.471396972654,1.3980552783012394,0.21350895226001754,10.8397908153534,57.228010540008476,148.4131622314453,-51.36156046676637,-6.568261305809015,-4109.144532958985,-4109.144532958985,35.09285190200809,34.788922756195035,4110.611657470711,1.4671252118349065,32.8,78.8,172.7,94.76666666666665,246.4,289.5,254.3,816.6983118812308,787.3263759751632,619.6132928717809,741.2126602427248,6000
0.16149035120010374,3.247529730558399,69.19112919616691,148.4131622314453,-146.6517058715819,-4.986889017343522,-5104.6419794921885,-5104.6419794921885,118.90247042846674,121.70291963958738,5106.107188964834,1.4652109475135808,0.16147540780901937,11.331491938591002,64.57992156982426,148.4131622314453,-58.397477085113536,-7.214446797370902,-3968.7501020507775,-3968.7501020507775,37.61979752159112,37.928174074173064,3970.35190258789,1.6018010384440426,0.16146040387451596,12.401172181129443,62.68185747528077,148.4131622314453,-58.901432247161885,-6.538182254791272,-3890.7356496582,-3890.7356496582,47.992520664215114,47.68957192039479,3892.473092529297,1.737442712724207,11.2,50.7,24.0,28.633333333333336,212.8,300.0,183.8,664.9186740777984,758.9675920465295,361.73561468109784,595.2072936018086,7000
0.12304723363369693,3.4590315954685265,73.74352880096448,148.4131622314453,-160.41508097839395,-4.129034228444094,-5072.3289218750015,-5072.3289218750015,132.00418923950167,133.91796266937223,5073.7859995117105,1.4570793712139112,0.12303623735904691,12.048491483688343,68.6390323448181,148.4131622314453,-66.03233465194722,-6.760597623348234,-3861.9512448730425,-3861.9512448730425,47.26650962257383,48.101965406417904,3863.609435302741,1.6581889510154713,0.12302519442141063,13.56701121807099,67.00544989395136,148.4131622314453,-63.75456350708023,-5.86435460019113,-3731.995654052732,-3731.995654052732,60.03872042465211,59.32291210174562,3733.9617055664035,1.9660530213117624,22.8,34.1,19.1,25.333333333333332,300.0,281.4,300.0,1140.8970201585767,670.5657999538628,665.3409810617757,825.6012670580717,8000
0.09487977860867967,3.4640066266059892,77.66897521591179,148.4131622314453,-172.1788004455562,-2.8443524881824827,-5071.847845214846,-5071.847845214846,140.37383209991432,141.34893726348898,5073.106782714848,1.2589438712000827,0.09487174610793578,12.200211145401008,71.43868930053716,148.4131622314453,-72.91326647186251,-5.770696179151542,-3831.761434082029,-3831.761434082029,57.84020819473266,58.495388500213664,3833.4089467773433,1.6475120655894246,0.09486364614218472,14.056917335510269,69.90875148773205,148.4131622314453,-67.15672775268544,-4.9320848158001995,-3658.5444924316394,-3658.5444924316394,66.21511138916,65.37650833511331,3660.574439453127,2.0299488586187353,0.1,43.4,28.4,23.96666666666667,284.8,300.0,271.9,999.6062890722187,709.0608078956259,618.2974164088137,775.6548377922194,9000
0.07460874694585816,3.2981019914150105,76.00235789871228,148.4131622314453,-182.48363418579086,-1.3982649556547395,-5096.045308105458,-5096.045308105458,144.50717017364522,144.9972676925661,5097.131412597641,1.0861012783050565,0.07460306935012323,12.048169378280619,73.05020454406718,148.4131622314453,-78.69063000488273,-4.31634695243836,-3844.860590087886,-3844.860590087886,70.46503511428831,70.0535110244751,3846.5065522460945,1.6459627109766028,0.07459729960560801,13.845882161140432,71.84465240859979,148.4131622314453,-70.03800094604486,-3.666985950730748,-3687.349297851565,-3687.349297851565,70.2238962554933,69.67110962295537,3689.3992304687467,2.049933676838875,0.1,63.4,0.7,21.400000000000002,295.0,300.0,242.4,934.4842230550505,783.7189372276174,516.6812750639178,744.9614784488618,10000
0.06088225129619253,3.0695317711830055,72.95699563980118,148.4131622314453,-191.34556607055688,-0.03528652616031454,-5128.69950781249,-5128.69950781249,143.1373972091674,142.9855114288325,5129.583265136715,0.8837527305185778,0.06087869048863644,11.879780660629269,73.88128963470442,148.4131622314453,-82.48537453460692,-2.7735926120430223,-3863.570674804688,-3863.570674804688,79.24768650436384,77.60349651718145,3865.1760576171937,1.605384617507458,0.060875024516135454,13.121287654876705,73.10575770187384,148.4131622314453,-73.65683386230488,-2.1938413923345497,-3775.6981679687487,-3775.6981679687487,73.5358736763,73.43808208847035,3777.6970302734403,1.9988626149892792,3.9,7.7,12.3,7.966666666666666,279.8,277.5,279.8,867.3646542820904,660.0014778385707,479.890878266004,669.0856701288884,11000
0.05287986343726517,2.927283131837847,70.11095964813231,148.4131622314453,-198.38430532836924,1.0498967168852673,-5149.689356933592,-5149.689356933592,147.22400350952148,147.13257882690405,5150.498008789074,0.8086523471325648,0.05287787463888533,11.83623288536072,74.13622335052497,148.4131622314453,-84.37927349853527,-1.8804272308610392,-3872.542523193358,-3872.542523193358,83.48575383377089,81.58446235275258,3874.1106081543007,1.5680840107798568,0.052875712532549995,12.422217431068459,73.95913449478141,148.4131622314453,-77.41225143432604,-1.4544083423577252,-3857.028274414059,-3857.028274414059,75.34825090408319,75.09612099456797,3858.904632324216,1.8763565178513535,0.0,29.6,81.2,36.93333333333334,300.0,253.2,228.0,1253.743750191771,549.6380691271277,175.751016635723,659.7109453182072,12000
0.04840750340744856,2.817808688879018,69.38955866241456,148.4131622314453,-204.2949567565917,1.4947647085506475,-5166.044590820301,-5166.044590820301,146.02471752166716,145.08015823364278,5166.7868886718725,0.7422980589568603,0.04840631066635253,12.023549217224124,75.56259358596805,148.4131622314453,-84.72478760528577,-1.6539374062158136,-3844.8276916503846,-3844.8276916503846,84.4921268730164,83.10328131866456,3846.377836181636,1.55014317035675,0.048404937610030285,12.137386535644541,74.56833244323734,148.4131622314453,-80.12978495025637,-1.1643795555308454,-3887.147092529297,-3887.147092529297,75.90889008712773,75.57597483444239,3889.0128088378888,1.8657165073752393,0.1,8.3,0.3,2.9000000000000004,298.3,300.0,239.2,1393.9016358800702,747.0442933216833,380.6487393660828,840.5315561892788,13000
0.04565299126505859,2.7328212642669714,67.69410047531136,148.4131622314453,-209.24566708374047,1.6269812717325975,-5177.934204589856,-5177.934204589856,149.4838827743523,148.23058547973653,5178.692426757822,0.7582159765511743,0.0456521336436271,12.317028080940226,77.24196003723148,148.4131622314453,-84.49382754516598,-1.6030801967903945,-3807.869738525393,-3807.869738525393,82.92795864486688,82.0323261680602,3809.3676940918017,1.4979558978080736,0.04565111814066774,12.140093693733208,75.31710789489749,148.4131622314453,-82.20090650176991,-0.9937063824199136,-3874.4318098144563,-3874.4318098144563,75.83133238601683,75.63596143722549,3876.097331542966,1.6655200308561335,5.3,14.1,0.0,6.466666666666666,290.8,300.0,300.0,1177.5924243011207,747.2156159764573,568.1906956807959,830.9995786527912,14000
0.043503315206617224,2.669882828235626,68.18437214660632,148.4131622314453,-212.9106308898921,1.7103773619607063,-5186.821550781234,-5186.821550781234,149.58895459747293,148.32399951171863,5187.5431254882815,0.7215750273764124,0.043502644024789455,12.610780554771402,79.3474629707337,148.4131622314453,-84.12717352294933,-1.6505988663770272,-3770.434179443361,-3770.434179443361,80.83937709045416,79.94161910247792,3771.8707578125013,1.4365840048789986,0.04350184641778479,12.411495765686013,78.41070681762703,148.4131622314453,-83.72997339630125,-0.824405001658946,-3843.414264648434,-3843.414264648434,76.86455428314189,76.77684107208262,3845.0160852050767,1.6018192902207409,4.5,1.6,2.7,2.9333333333333336,300.0,278.1,279.6,1319.9677894019078,592.3387783298957,619.5918717752483,843.9661465023506,15000
0.042025157347321485,2.5893890318870505,69.50860739517205,148.4131622314453,-216.0910336456298,1.8793464430086284,-5198.674714355463,-5198.674714355463,152.4881413879394,151.37038873290967,5199.3752563476555,0.7005470029711734,0.04202462918683886,12.913758601188677,81.53514052200327,148.4131622314453,-83.68297051239017,-1.6855280870348235,-3730.2974924316436,-3730.2974924316436,79.99676508331302,79.2478018684386,3731.734353027341,1.4368617888092998,0.0420239745229483,12.686398951530474,81.24440922164932,148.4131622314453,-84.76158907318123,-0.8016064737048011,-3806.9264631347664,-3806.9264631347664,77.76516350936912,76.73859432220476,3808.4626235351607,1.5361575143337265,0.4,5.7,24.2,10.1,263.4,300.0,279.3,961.6213164596962,678.1567963599953,561.8832827106718,733.8871318434544,16000
0.040692533396184415,2.488120585680003,73.0460289001464,148.4131622314453,-218.6850739288329,1.8673325901515805,-5212.074698730467,-5212.074698730467,152.8137478942873,151.4973272323609,5212.8149345703005,0.7402389905601746,0.040692052822560026,13.110801402092,84.2492353782652,148.4131622314453,-83.36380786132806,-1.6352051627077155,-3703.763392822272,-3703.763392822272,80.13732336425765,78.91889689636221,3705.193296875,1.4299060727953883,0.04069144692644468,12.883390646934535,86.29596855545034,148.4131622314453,-85.74202437591565,-0.7729985909722754,-3778.648664794927,-3778.648664794927,77.64508401489263,76.05638243103037,3780.192422119144,1.5437605788707742,0.0,10.1,1.8,3.966666666666667,300.0,288.6,245.1,1314.270008165138,721.6635040688388,588.2471586536401,874.7268902958723,17000
0.039650119476020325,2.383710781455045,72.97413274383547,148.4131622314453,-220.99802639770542,1.9661247463971414,-5226.397447753905,-5226.397447753905,155.7327696609494,154.22533142089884,5227.140564941417,0.7431079346984623,0.03964972558990116,13.211752911567675,86.06175090408338,148.4131622314453,-82.78107751464844,-1.7714986412338944,-3691.006256347658,-3691.006256347658,77.26144064331056,76.87835986709585,3692.483319091799,1.4770612469315523,0.03964924141392105,12.952220623016345,90.96903367996215,148.4131622314453,-86.90783119201639,-0.5944851105883723,-3768.644797851569,-3768.644797851569,80.39239209365827,79.03446446228047,3770.16874584962,1.5239483488500127,1.1,2.6,29.4,11.033333333333333,300.0,300.0,300.0,1347.77968709368,743.3832576482275,614.0768132067152,901.7465859828741,18000
0.038976505350321496,2.3240539008378938,74.48531507110592,148.4131622314453,-223.0389674072262,1.8280994465760876,-5234.407939453122,-5234.407939453122,155.42821498870873,153.62491888427732,5235.184029296882,0.7760919487476349,0.038976170163601484,13.255039226531986,88.24122049713151,148.4131622314453,-82.7923370513917,-1.7155658044591557,-3687.196782958981,-3687.196782958981,79.62411155319192,78.13898620605477,3688.6799394531245,1.4831567685604043,0.03897577466070659,12.873941939353932,94.95658898162844,148.4131622314453,-88.0764349517822,-0.42765212896838867,-3778.4905319824165,-3778.4905319824165,80.83188134002681,79.80636537933368,3779.949628906245,1.4590957947969407,0.3,6.9,4.8,4.0,272.2,284.7,255.4,1186.7555285728508,626.0415454059096,618.5955008716232,810.4641916167944,19000
0.03836492818966506,2.2414943014383297,75.9096127548218,148.4131622314453,-224.82695344543473,1.8279516998045169,-5245.490766113273,-5245.490766113273,154.576440460205,152.58758423614512,5246.207278808583,0.7165128207653763,0.03836471924558285,13.046727468490646,89.21537780761697,148.4131622314453,-83.33559301757843,-1.7162275571115324,-3715.26369018555,-3715.26369018555,78.34733809280385,77.4015958518981,3716.7580065917987,1.4943198658823986,0.038364479307085406,12.699695882797256,99.77552517700204,148.4131622314453,-89.2285417098999,-0.23559982028976084,-3800.551389648431,-3800.551389648431,81.68984751510642,80.97283991622947,3802.0385864257846,1.487199050366881,0.0,62.0,1.4,21.133333333333333,300.0,300.0,266.6,1364.5398626272322,636.1529340574938,673.9405810781184,891.5444592542814,20000
0.03800836464390151,2.19875572764874,77.41009907913194,148.4131622314453,-225.83746406555179,1.7554221014268687,-5251.331908691415,-5251.331908691415,154.89569467163076,152.78799270629878,5252.04234619141,0.7104366969317201,0.038008038688451096,12.838683652877823,89.01297557067859,148.4131622314453,-84.06856867980953,-1.8946009062528602,-3743.988040771483,-3743.988040771483,78.71616078948963,77.48290250778224,3745.50969921875,1.521654688537123,0.03800772120803583,12.431946215629557,97.91888783264153,148.4131622314453,-90.55881232452411,-0.10743555490672592,-3836.181927490234,-3836.181927490234,82.31000529861441,81.78229158782977,3837.6990944824215,1.5171675112843555,0.0,5.5,13.5,6.333333333333333,300.0,271.3,260.3,1298.7726103473904,669.1974855341921,685.6022692751878,884.5241217189235,21000
0.03751062344387177,2.1376139615774123,81.26213644027717,148.4131622314453,-227.63544761657676,1.7960748840570457,-5260.232170410159,-5260.232170410159,153.74894506835932,151.15661694335924,5260.909055175781,0.6768840050399302,0.03751037194207306,12.56622591972352,89.04067166519177,148.4131622314453,-85.45230344390876,-1.7450573306232715,-3785.739229003905,-3785.739229003905,78.6473376121523,77.1071670265199,3787.1594863281175,1.4202587500214563,0.03751009555161,12.222607010841374,97.1603725738524,148.4131622314453,-91.70605100250232,-0.22467823554016703,-3868.5573864746043,-3868.5573864746043,83.5178870964051,81.95526763534559,3869.970415283213,1.4130273541808138,0.0,1.5,3.3,1.5999999999999999,300.0,167.1,266.2,1333.705631657682,280.0328488213844,474.07932302684856,695.939267835305,22000
0.03742936244606964,2.1077829865217232,80.90195915985116,148.4131622314453,-229.01885427856436,1.7986424393206826,-5262.838134277335,-5262.838134277335,155.71801855468772,153.51723248290983,5263.53211816407,0.6939899284690614,0.03742920361459272,12.320527870178227,87.70843878936752,148.4131622314453,-86.98706520843503,-1.6945127095654637,-3818.6394060058624,-3818.6394060058624,80.38479948806788,78.6781982192992,3820.002020996091,1.3626165415644662,0.03742902781441805,11.963523388862608,93.0812833099367,148.4131622314453,-92.93272077941877,-0.14273089932091537,-3893.8366323242153,-3893.8366323242153,83.6253703002928,82.48688697051995,3895.2802714843765,1.4436381825804685,0.1,10.4,9.9,6.8,281.9,300.0,300.0,1357.1057026409214,831.9600620492845,823.8265644731953,1004.297443054467,23000
0.03727164747193444,2.1172100667953533,84.5621693801881,148.4131622314453,-230.03205331420887,1.7567453770115966,-5262.224690917969,-5262.224690917969,159.19845635986323,156.7047045669552,5262.9342836914075,0.7095881602615107,0.03727153988927603,12.111585937500003,86.3368320999145,148.4131622314453,-88.83481402587901,-1.7131808438450122,-3844.2585,-3844.2585,80.39857468795773,79.41432777404793,3845.659322021486,1.4008218904137586,0.0372714450620115,11.75209402847292,90.58087055587771,148.4131622314453,-94.26352233123778,0.007491088770329899,-3924.7339721679705,-3924.7339721679705,83.51182505035408,82.62301681900034,3926.095393066406,1.3614230804741365,0.2,16.8,7.1,8.033333333333333,285.6,300.0,285.3,1373.6779045987032,813.186243515775,764.5496988838428,983.804615666107,24000
0.03718815809115767,2.1356310834884655,85.95765150833125,148.4131622314453,-231.11683909606927,1.5609287203028797,-5259.86642333985,-5259.86642333985,157.02335019683872,155.04445410156245,5260.669319824225,0.8028938184529552,0.03718785619363187,11.943802021980254,84.80675334548955,148.4131622314453,-90.86249500274683,-1.6782637250795924,-3871.6349248046886,-3871.6349248046886,80.72386376953109,79.82262606048572,3872.958740722651,1.323814488828182,0.03718756224960094,11.64935032844546,85.27281867218012,148.4131622314453,-95.36747608184812,-0.09147771326452503,-3937.1811394043007,-3937.1811394043007,83.67090008163434,82.27962098693835,3938.4867202148453,1.3055845935344688,4.4,20.4,6.0,10.266666666666666,300.0,300.0,300.0,1466.117243154845,839.9174247059276,612.5596515357358,972.8647731321695,25000
0.03701091497018929,2.115654322981834,87.07762546157856,148.4131622314453,-232.04396798706057,1.664227838367222,-5261.560163574215,-5261.560163574215,156.5563400268559,154.36356675720185,5262.353844238277,0.7936698282659065,0.037010769683867815,11.704005945205683,83.70629127883913,148.4131622314453,-92.9865533218385,-1.6088352945595972,-3906.7323127441423,-3906.7323127441423,80.06309649658198,78.81709719848627,3907.9890908203115,1.2567802017331167,0.03701062460616215,11.59097483539581,85.77778240585332,148.4131622314453,-96.36074391937251,-0.060627153860405035,-3942.5740935058657,-3942.5740935058657,83.74846517944327,82.27788948440536,3943.923831542966,1.3497400208115573,0.0,33.7,10.4,14.700000000000001,300.0,250.7,300.0,1341.4638409336471,620.9080248873087,770.3898491301532,910.9205716503697,26000
0.0367681927159429,2.077116478562362,85.54177104187016,148.4131622314453,-232.95301570129357,1.6293350954875347,-5267.199462890618,-5267.199462890618,158.64244951629675,156.44305794525147,5267.9847988281435,0.7853382121771579,0.036768004659563196,11.569673635482799,83.30448609924345,148.4131622314453,-94.87639625549325,-1.5958979643620552,-3922.9336608886715,-3922.9336608886715,80.72674628448497,79.85638013076779,3924.113055908204,1.1793938361406335,0.03676780892536046,11.586093747138976,85.1767235870361,148.4131622314453,-97.22860992431632,-0.11020166743360477,-3950.1784831542936,-3950.1784831542936,84.77073151016242,83.37708237457274,3951.4454057617218,1.2669177566766752,0.1,10.8,8.9,6.6000000000000005,275.4,300.0,272.6,1287.5424562731216,799.8943486236769,678.8744213667409,922.1037420878465,27000
0.03659107782691721,2.035027718782424,84.30911681747438,148.4131622314453,-233.7448276824952,1.5218361312784237,-5272.662121093757,-5272.662121093757,156.47489887237526,154.03117550659135,5273.42755029297,0.7654302498623722,0.036590835504233886,11.482606522560113,82.51520654296873,148.4131622314453,-96.59210584259036,-1.66554903293401,-3935.598914306638,-3935.598914306638,81.55290992355349,80.22018257904074,3936.766469970698,1.1675527702867996,0.036590626668184974,11.646550373077408,85.53989377975472,148.4131622314453,-97.97374818420437,0.04032859285920852,-3939.125309570319,-3939.125309570319,85.76190448379523,84.28726855087284,3940.42591235351,1.300604043096305,0.2,19.3,3.4,7.633333333333333,265.5,300.0,286.1,1103.0967249639511,776.4082561797693,615.4596743251096,831.6548851562767,28000
0.03635956070572148,1.9869475893974307,84.95640776062032,148.4131622314453,-234.25668647766125,1.701319024555385,-5280.295454101574,-5280.295454101574,158.8515271301269,156.7753501129145,5281.0268295898495,0.7313788131922472,0.036359411623328904,11.453241871833804,82.58592520904544,148.4131622314453,-98.08461123657224,-1.6531591972224442,-3939.5785676269547,-3939.5785676269547,84.46821305084234,83.68052643203738,3940.7653625488256,1.1867954684495918,0.036359263926744455,11.714199344635018,87.39657627868655,148.4131622314453,-98.57248799133284,-0.054641996204852966,-3930.0352800293012,-3930.0352800293012,85.12577303314194,83.599409996033,3931.272895263677,1.2376124780178046,0.0,12.1,11.2,7.766666666666666,300.0,300.0,300.0,1403.5597899203076,749.4993518145687,786.5651038118158,979.8747485155641,29000
0.036353199582547034,1.9525399745702776,85.75848196411151,148.4131622314453,-235.07305581665028,1.623823178201912,-5284.478309082009,-5284.478309082009,159.5994382629392,157.1101238098145,5285.1843002929745,0.7059925327152022,0.03635298664122815,11.453702496528615,82.72496578979498,148.4131622314453,-98.81276471710221,-1.6746469699591429,-3935.7720119628907,-3935.7720119628907,83.39373279571535,83.14687868118276,3936.9192033691374,1.1471917411088925,0.03635278321802618,11.797703760147094,88.04013193130471,148.4131622314453,-99.01696286773674,-0.04888566397316753,-3925.8547241210936,-3925.8547241210936,86.52888745880121,85.01629025268554,3927.1887773437516,1.33405649125576,0.1,11.0,2.9,4.666666666666667,271.3,283.3,277.2,1313.7644728128826,706.8385666317217,470.99529920062287,830.532779548409,30000
0.036147886771708805,1.9520343818664532,86.30444358444228,148.4131622314453,-235.61977026367163,1.6110669019147785,-5283.615557128918,-5283.615557128918,157.89859910583505,155.31272219848677,5284.369228027331,0.7536744248569002,0.03614774017408496,11.452855958938605,82.32076504135146,148.4131622314453,-99.56742535400384,-1.6267490091547379,-3939.810433349617,-3939.810433349617,82.4156123161316,82.06120308303835,3940.9725300292916,1.162096539199355,0.03614761280268423,11.851556184768686,88.73883912277215,148.4131622314453,-99.08330095672619,0.019983950907364434,-3909.3089951171823,-3909.3089951171823,85.74044073867755,83.95568851470948,3910.6314523925785,1.322456957548855,0.0,17.0,9.5,8.833333333333334,300.0,300.0,257.6,1412.6236142873088,821.4168420048903,601.2018853284349,945.0807805402113,31000
0.036091273516416694,1.988760872244837,90.2941546363831,148.4131622314453,-236.2160944976808,1.4829928082115948,-5278.702590332017,-5278.702590332017,155.03930692291283,153.15164308929454,5279.44334619141,0.7407648381441816,0.03609101720899347,11.474729457855192,82.97811419296268,148.4131622314453,-100.42431170654315,-1.7099637959748484,-3936.3581296386683,-3936.3581296386683,85.03383020019542,85.17523255157457,3937.4733354492237,1.1152050153017072,0.03609081460535534,11.87048940277097,91.34452552413929,148.4131622314453,-99.65368012237549,0.11636612749285999,-3910.186496582035,-3910.186496582035,87.27483972167987,85.89870140838644,3911.5202255859285,1.3337273280322595,0.0,13.5,8.3,7.266666666666667,300.0,300.0,259.7,1341.8432954716445,870.8354049319016,680.2903246646667,964.3230083560708,32000
0.036122700873762376,2.005796304464345,95.38190859222411,148.4131622314453,-236.7628862609861,1.5828093918412907,-5276.423543457031,-5276.423543457031,159.6684229125978,157.69739604187004,5277.177052246094,0.75350589337945,0.03612257875129582,11.434305061340305,83.52357341003419,148.4131622314453,-101.15021915435788,-1.5978515178039676,-3938.686799804684,-3938.686799804684,82.91473386383048,82.34773362731967,3939.790023681643,1.1032243167758027,0.03612247781082986,11.873993124008189,93.2152706680297,148.4131622314453,-100.3360254592897,0.035222585164010334,-3908.858827636718,-3908.858827636718,85.13585927581796,83.87131544494619,3910.2198571777344,1.3610253481864947,0.0,14.2,9.9,8.033333333333333,300.0,300.0,281.4,1241.566413552925,806.8515669785681,775.5422651455156,941.3200818923364,33000
0.03592287537828085,2.0167165226936308,105.94584185791014,148.4131622314453,-237.06058703613218,1.6144420273303992,-5274.8816831054555,-5274.8816831054555,159.78844455718973,158.225486480713,5275.643533691395,0.7618484626561421,0.035922745075076846,11.51146458530427,83.80744378662119,148.4131622314453,-102.07659776306149,-1.6047349196337155,-3926.1045175781223,-3926.1045175781223,83.54603934097273,82.2031268730165,3927.243599609375,1.1390829817950707,0.03592262851819398,11.951788953781117,92.05046757125838,148.4131622314453,-100.63694136047349,0.0045195237211882915,-3899.104119628906,-3899.104119628906,86.93156093215939,84.66034294509885,3900.4897153320353,1.3855940914154026,0.0,32.2,4.6,12.266666666666667,300.0,300.0,234.5,1450.0542010276176,724.5627253163829,404.9277283604357,859.8482182348121,34000
0.03604128773882977,2.0150033999681547,113.00692608642576,148.4131622314453,-237.63025872802712,1.660246257111431,-5274.816120605461,-5274.816120605461,160.74073505401634,158.63066012573242,5275.634713867201,0.8185963767468939,0.03604119499772783,11.540198059082003,83.98467562103264,148.4131622314453,-102.80403857421885,-1.5379573821947001,-3925.521583984378,-3925.521583984378,85.60657903671256,84.43323639297488,3926.620270019529,1.0986851532161235,0.03604109406098723,12.090424547195465,94.09063523483265,148.4131622314453,-100.67115905761729,-0.07118899950198837,-3879.297456298832,-3879.297456298832,85.42850531387323,84.27073641204845,3880.7010053710924,1.403550493597983,2.2,13.6,6.3,7.366666666666667,300.0,290.7,298.4,1447.5184942593464,688.5710976956893,775.3565077162605,970.4820332237654,35000
0.03597079064697035,2.003797773122787,121.14145416259781,148.4131622314453,-238.52624844360363,1.62900500159338,-5277.918922851561,-5277.918922851561,155.8873865814213,154.7850536117551,5278.847513183598,0.9285911535322653,0.03597057745233171,11.642049284935002,86.01346730041519,148.4131622314453,-103.20753406524673,-1.618379756957295,-3908.6556555175857,-3908.6556555175857,86.00195677948008,85.59627193069431,3909.752404785153,1.0967475159764277,0.03597035840153682,12.236812757492043,100.03349744796753,148.4131622314453,-101.0979956817629,-0.11303865781798965,-3862.865165527344,-3862.865165527344,86.34244872665414,84.51437696456924,3864.283601074217,1.4184394384026535,2.4,14.3,12.6,9.766666666666666,271.2,300.0,273.5,1385.6884922845934,877.419849866691,800.1389400940204,1021.0824274151015,36000
0.035911893773823964,1.9759576643705368,124.6381462707519,148.4131622314453,-239.69279653930673,1.682966285213829,-5280.197845703133,-5280.197845703133,158.189351730347,156.26207869720483,5281.09055712889,0.8927154051959508,0.03591171428188673,11.73367282867433,88.07215583801263,148.4131622314453,-103.26909324645987,-1.500436958327886,-3895.126675537111,-3895.126675537111,86.05383871841423,84.73432659530643,3896.241799072265,1.1151242052614663,0.0359114906489848,12.370531673431378,104.66482760238641,148.4131622314453,-101.17024328613282,-0.2523008222393689,-3845.929997802723,-3845.929997802723,86.67050850296,85.37046907424926,3847.426484619145,1.4964862174391744,0.5,20.2,9.4,10.033333333333333,300.0,300.0,300.0,1387.3813035403884,845.4193581999313,794.652689420356,1009.1511170535587,37000
0.03572283925488593,1.9644292528629277,128.60633318328874,148.4131622314453,-240.45301795959472,1.6033659671023486,-5281.453746582028,-5281.453746582028,156.38562905120867,155.13506905365003,5282.3816513671845,0.9279052947759632,0.035722686044871665,11.877095842361452,91.28054777526845,148.4131622314453,-103.26712222290024,-1.4954936046004275,-3871.106847167968,-3871.106847167968,85.6560718345644,84.65121485137945,3872.229505615235,1.1226593654751778,0.035722510211169754,12.499439769744876,108.12515435028081,148.4131622314453,-101.09967395019535,-0.15348998058587304,-3824.2663608398416,-3824.2663608398416,87.4397833099366,86.38861812210094,3825.8051726074214,1.5388110178709038,1.4,16.0,14.7,10.699999999999998,300.0,300.0,297.8,1411.0348526309858,878.4878600025631,837.3752280788558,1042.2993135708016,38000
0.03554147454723709,1.9579110276699079,125.2681180725098,148.4131622314453,-240.73664547729518,1.7170169023126376,-5283.885934082041,-5283.885934082041,159.30381350708035,157.3909999389651,5284.850910644519,0.9649811489284036,0.03554133166000245,11.912332643508913,93.0951599578857,148.4131622314453,-103.46351013946544,-1.4186777570471163,-3870.234111816404,-3870.234111816404,84.87925267791732,84.0505315361023,3871.446257568357,1.2121480785906347,0.0355411174520851,12.592909764289852,113.0431921195984,148.4131622314453,-101.32774025726317,-0.34894765531457955,-3815.3075363769576,-3815.3075363769576,85.72952126312263,84.72260768890364,3816.885095947264,1.577561821341515,0.3,11.5,13.6,8.466666666666667,300.0,300.0,300.0,1432.246335214082,850.6577926516954,831.7127139196169,1038.2056139284648,39000
0.03566288464888938,1.9713136949539194,121.53249365234387,148.4131622314453,-241.07176397705072,1.8447450382113464,-5280.817408691404,-5280.817408691404,158.74967481994616,157.18464302825933,5281.7585991210935,0.9411916689872754,0.03566286419704555,11.894728690147408,94.28913504028323,148.4131622314453,-103.734446937561,-1.4487273316048046,-3871.163400878908,-3871.163400878908,86.7164622192382,86.0178629951476,3872.38266015625,1.2192623330950723,0.03566277712583549,12.697762392997753,120.0013152923585,148.4131622314453,-101.30188449096684,-0.28720913964789346,-3802.02762768554,-3802.02762768554,89.27728850555428,87.48399745941158,3803.650765380859,1.6231362725496288,0.0,12.0,19.3,10.433333333333334,300.0,264.9,290.6,1451.384128596593,675.5569751723817,816.4728511841402,981.1379849843715,40000
0.035836130905896414,2.0254051680564826,121.88481312179563,148.4131622314453,-241.64612805175747,1.6959501856490964,-5273.4740493164045,-5273.4740493164045,159.67883887481656,157.80958096313503,5274.438022460923,0.9639716506004322,0.035836045347154115,11.90533199119569,96.1348075714112,148.4131622314453,-104.00365950012193,-1.372752137131988,-3868.121762451173,-3868.121762451173,85.69470550918597,85.39905157852182,3869.314873291009,1.1931089016795144,0.03583589376136657,12.831855804443354,125.02388545227049,148.4131622314453,-101.28472042846694,-0.3054477341994641,-3779.432016601568,-3779.432016601568,89.65532023620631,88.15406735610951,3781.085736328127,1.6537184914946548,2.6,15.4,7.1,8.366666666666667,300.0,300.0,297.7,1428.3315643953474,852.5148665818755,695.7259487169885,992.1907932314039,41000
0.0356832903809845,2.0459140146970753,117.38075007629406,148.4131622314453,-241.90985736084025,1.7678784343488485,-5270.964416015615,-5270.964416015615,161.04886107635514,159.8616592407228,5271.994227539061,1.0298069888949413,0.03568302743509409,11.922670042037968,98.38333050537123,148.4131622314453,-104.16877262115466,-1.6740415011197305,-3865.9793762206987,-3865.9793762206987,86.81487717819202,86.17739124679552,3867.233958496087,1.2545807700157208,0.03568272392824293,12.974178643226596,129.48448080444294,148.4131622314453,-101.19197167968737,-0.28516085059568297,-3759.9723808593712,-3759.9723808593712,89.03345990753172,87.45173169708247,3761.599468994146,1.6270865701436994,5.4,10.9,6.8,7.7,300.0,300.0,300.0,1481.758817314648,733.0588780952933,834.7069503233049,1016.5082152444153,42000
0.035431782409548855,2.045573143482211,109.73785519409189,148.4131622314453,-242.3715377044676,1.8602264029234625,-5271.794841308591,-5271.794841308591,160.02384064483607,158.69939720153775,5272.736717773432,0.9418770035803307,0.03543173657730219,11.96117906761171,102.24478345108024,148.4131622314453,-104.24470913696278,-1.3912763022594146,-3863.058966308594,-3863.058966308594,87.34900016784677,87.24194741058359,3864.279072021478,1.2201071594357509,0.03543159851431846,13.063302653312682,128.6519053497313,148.4131622314453,-100.87873577117908,-0.4206041035130614,-3746.3206096191393,-3746.3206096191393,90.69684980773923,89.68204299545258,3747.992337890626,1.671731373846531,1.6,22.2,12.5,12.1,299.5,300.0,300.0,1546.3994161016449,836.1423292737551,816.7634258893548,1066.4350570882516,43000
0.03558243356272572,2.0874829572439104,113.11960486984238,148.4131622314453,-242.94552133178678,1.8894759081117785,-5265.722903808605,-5265.722903808605,154.01047573089582,152.68684199523904,5266.727063964838,1.0041589325219376,0.03558235302567479,12.011219915390033,108.34664680862416,148.4131622314453,-104.38162316894524,-1.5127173352912082,-3854.1872915039075,-3854.1872915039075,86.72701749801637,87.52935127639779,3855.534558349607,1.3472629323303658,0.035582203660160294,13.22049466800688,132.95309399795545,148.4131622314453,-100.83219511413562,-0.3373866683393709,-3733.7820927734438,-3733.7820927734438,89.02756319808941,88.66756106185917,3735.485807617186,1.7037137783765788,0.0,15.3,6.2,7.166666666666667,300.0,300.0,300.0,1444.2204220679512,874.3991601881684,729.5428883043306,1016.0541568534833,44000
0.03571293925493955,2.0831521251201597,112.3479167137147,148.4131622314453,-243.22214347839386,1.8407851232290278,-5267.008295898431,-5267.008295898431,162.010172340393,160.87740110778756,5267.954861816408,0.9465697509497413,0.03571284529566766,12.08062530517579,111.39649954986568,148.4131622314453,-104.59105448150639,-1.434032165924088,-3846.8813977050736,-3846.8813977050736,88.23851114273073,88.45248380661018,3848.273910888671,1.3925119813084619,0.035712664168327996,13.402896480560308,136.93776321411127,148.4131622314453,-100.6526700744628,-0.41625906000845186,-3712.169367919923,-3712.169367919923,88.6517019462585,87.88046884155254,3713.985624267583,1.8162558253407488,0.0,24.4,7.1,10.5,300.0,300.0,300.0,1445.915559970285,829.4577588828076,579.6304100518205,951.6679096349709,45000
0.035703426014631966,2.076398706912992,110.72922049331673,148.4131622314453,-243.9678267517092,1.9817734606638504,-5268.074915527347,-5268.074915527347,160.3578250961307,159.26626319885256,5269.019190917976,0.9442752324640751,0.03570336880907425,12.072881666183475,112.80263994979877,148.4131622314453,-104.66153920745826,-1.4131901899278196,-3848.1640988769545,-3848.1640988769545,86.92230303955108,87.01094082260138,3849.592580322262,1.4284805532693854,0.03570319696143265,13.506902710914627,138.8077995262148,148.4131622314453,-100.67195876312262,-0.5358732401318852,-3691.0074006347613,-3691.0074006347613,88.11777194976821,86.83169179153464,3692.8637116699224,1.8563141155838994,0.0,13.6,9.4,7.666666666666667,300.0,273.6,300.0,1356.334401356595,775.8182325633737,730.1964182597524,954.1163507265737,46000
0.03558601034060118,2.1066764527559267,109.66548607635524,148.4131622314453,-244.73401013183565,2.0057228737622483,-5264.499134277359,-5264.499134277359,160.2428683547975,158.7553896179201,5265.363177734374,0.8640489324778309,0.035585938137024646,12.09192825222015,114.75050299072274,148.4131622314453,-104.95486321258535,-1.3770792799778309,-3840.3166037597653,-3840.3166037597653,86.28009147262577,87.06560855102538,3841.6923237304604,1.3757196391820925,0.03558573182672266,13.639444661140464,138.41825265502973,148.4131622314453,-100.19152526855457,-0.643582261547448,-3676.194728515623,-3676.194728515623,87.45783438491824,86.4308099708558,3677.9538691406283,1.7591381507515889,0.0,11.5,14.1,8.533333333333333,300.0,278.2,297.7,1542.7691950209305,801.6697859767927,656.2963595384151,1000.245113512046,47000
0.03541741096228358,2.154252570509909,107.33140595245354,148.4131622314453,-244.69934899902313,1.9719182006865745,-5256.85036865234,-5256.85036865234,162.12322290802024,160.68257247924836,5257.756362792982,0.9059854302406294,0.035417262949049504,12.12825671958924,118.01807684326188,148.4131622314453,-104.99996363830562,-1.4237175262533124,-3837.038645019529,-3837.038645019529,87.73243189620958,87.08827155303958,3838.462053955073,1.423406480431556,0.035416984576731945,13.745190044403103,147.319203586578,148.4131622314453,-100.03666062927249,-0.670954536465926,-3664.008911132816,-3664.008911132816,88.56316310119624,87.89703340148918,3665.8815747070294,1.8726617811918258,2.7,22.2,12.8,12.566666666666668,300.0,281.0,281.1,1452.4472301389956,844.0151001188054,719.4250081599861,1005.2957794725958,48000
0.0353141379728913,2.156139904856677,105.21653956985453,148.4131622314453,-244.88406327819789,2.15563553953171,-5256.587383300783,-5256.587383300783,158.95970908355696,157.67413142394932,5257.557862792955,0.970478427723049,0.0353140705600381,12.238074280738843,118.79784269714372,148.4131622314453,-104.80413680267327,-1.5127668730542059,-3820.608336914064,-3820.608336914064,87.7904910354615,87.93054281234741,3822.02308886719,1.4147533453702916,0.035313879016786835,13.82149051856994,145.22785038375858,148.4131622314453,-99.73797087860115,-0.6345050410814569,-3653.474161132812,-3653.474161132812,88.73607244491579,87.89830155181862,3655.2938876953153,1.819730886638165,0.0,14.3,6.1,6.8,300.0,300.0,300.0,1572.4535853270604,778.5794260983417,774.3191504479705,1041.7840539577908,49000
0.03545283444970849,2.1057052501440094,104.99148738098144,148.4131622314453,-245.3576377258301,2.225037830442193,-5263.936738281248,-5263.936738281248,159.2986518936158,158.27548317718524,5264.834509765635,0.8977731148898612,0.035452744472771934,12.27915183162691,119.72640459442141,148.4131622314453,-104.99350237274153,-1.6066039795465796,-3817.2842763671874,-3817.2842763671874,88.10349029922493,88.12619402694709,3818.7535686035103,1.469291095077992,0.03545253900811072,13.79845378017425,145.5330910606386,148.4131622314453,-99.82310977935795,-0.6352293150536711,-3657.360845947266,-3657.360845947266,88.8818684310914,88.00445983505263,3659.3147829589843,1.9539391208291046,1.2,22.9,13.7,12.6,300.0,300.0,300.0,1569.6803876976205,872.320173095449,828.0078502822155,1090.0028036917618,50000
0.0353730326779186,2.073907393574718,105.53374675369264,148.4131622314453,-246.17548098754867,2.1017467400059124,-5268.677003906255,-5268.677003906255,158.63429064941437,158.04519187164306,5269.495289062501,0.8182835494726912,0.03537298685312274,12.336662934303263,120.11667713546733,148.4131622314453,-105.10996893310534,-1.5042655933815983,-3810.5330273437494,-3810.5330273437494,88.88122973251335,89.05266055297865,3812.0273342285136,1.4943081084489802,0.035372831925749804,13.795194758415217,141.07342100524943,148.4131622314453,-99.88900400543207,-0.5603144929502167,-3655.734944824222,-3655.734944824222,92.13187141799919,91.3172436408996,3657.7252243652338,1.9902828728556605,1.3,12.2,6.5,6.666666666666667,296.2,300.0,294.5,1358.0903845554774,887.0618003657079,700.9736873249979,982.0419574153944,51000
0.03542112163826823,2.084379180073743,104.21202688598639,148.4131622314453,-246.1428826446534,2.039872021280235,-5266.749114746101,-5266.749114746101,160.4173230514526,159.94763208770775,5267.614489257805,0.8653817119747398,0.03542107248306278,12.42011550712584,121.69508539581297,148.4131622314453,-105.1160924911499,-1.4753040277510872,-3797.76754663086,-3797.76754663086,87.63794819259626,87.8668288383483,3799.2518771972636,1.4843314121365554,0.035420921064913326,13.897369498252907,149.46429229736347,148.4131622314453,-99.59956126403783,-0.5242508736606687,-3644.9494099121075,-3644.9494099121075,89.34362628173837,88.55848150253297,3646.847046142572,1.8976374729871763,0.0,12.2,7.0,6.3999999999999995,300.0,300.0,300.0,1488.976863620504,893.7187241256757,747.7187499510952,1043.4714458990916,52000
0.035143422070890655,2.1481045305728967,108.89379309844969,148.4131622314453,-246.41263415527345,2.102829731591048,-5257.82365234374,-5257.82365234374,160.8329090957643,160.1734004440305,5258.704043945319,0.8803975620865814,0.0351431459486485,12.49834751701359,120.85706068420419,148.4131622314453,-105.06730275726328,-1.6339326082244532,-3784.944643554694,-3784.944643554694,87.94990416717542,87.97648196411134,3786.534396484377,1.5897487860918027,0.03514274468272923,13.999910212516781,156.3717642822263,148.4131622314453,-99.82879649353028,-0.7766458579078328,-3625.091927490235,-3625.091927490235,88.55152949905384,87.44689242553694,3627.235135009773,2.143206976234909,0.0,12.0,7.6,6.533333333333334,300.0,273.5,300.0,1459.287137409542,690.9352178711666,764.2022034834355,971.4748529213813,53000
0.034886023744940736,2.1413672443628267,106.73565042495726,148.4131622314453,-246.5339948120115,2.2716479295119694,-5259.165374023433,-5259.165374023433,160.15497653198275,159.13935759735074,5260.075469726561,0.9100899692028752,0.03488600632175802,12.520361436843876,125.836075805664,148.4131622314453,-105.06746357727056,-1.562211567770691,-3783.942290771484,-3783.942290771484,87.99935862350456,88.73212873840353,3785.5098476562503,1.5675585530996312,0.0348858740366996,14.045067796707142,160.0261534385684,148.4131622314453,-99.88236190795892,-0.6362665931731454,-3621.346228515626,-3621.346228515626,88.79484784317012,87.96796553039542,3623.390356201168,2.0441324284672753,2.4,22.0,3.6,9.333333333333334,300.0,291.1,279.8,1475.782938378494,874.3442344930966,550.233535031182,966.7869026342574,54000
0.03504422922059895,2.1267720012664837,107.04975464630137,148.4131622314453,-246.67879663085932,2.180377763856202,-5260.104649902346,-5260.104649902346,160.09152857971202,159.42904241180412,5260.990290039058,0.8856384098678816,0.035044210821390184,12.536575748443585,128.00296356201153,148.4131622314453,-105.19983583068847,-1.4414609721563745,-3783.1408691406295,-3783.1408691406295,89.14441941452021,89.28619777679431,3784.7203215332065,1.5794548540711368,0.03504406570643183,13.993389511108376,155.37394189071702,148.4131622314453,-99.89596282196031,-0.6666314140930782,-3624.7629956054666,-3624.7629956054666,87.83237374496443,87.18111326980599,3626.774590576167,2.011596426665786,1.4,18.0,9.0,9.466666666666667,300.0,295.7,299.1,1617.3958439128078,893.4556927167174,887.4601528913212,1132.7705631736155,55000
0.035222843088209714,2.1344315437078483,106.92535589981087,148.4131622314453,-246.8527558593751,2.204417833670969,-5257.928246582024,-5257.928246582024,159.90991983032288,159.4475928421021,5258.7647368164035,0.8364817156195649,0.035222757130861274,12.569194576263424,126.780806640625,148.4131622314453,-105.03428520965575,-1.5864996263161286,-3779.545724609373,-3779.545724609373,88.30513188171392,88.90828839111326,3781.1542695312437,1.6085441109538041,0.03522255453839901,14.009103767395022,159.74137728118905,148.4131622314453,-100.23107416534418,-0.6536788732856518,-3621.5273337402277,-3621.5273337402277,88.35330187225344,87.13534881210343,3623.6405280761737,2.113193006634713,0.0,16.8,7.2,8.0,300.0,300.0,300.0,1361.689177296159,878.7487141654467,838.9751225631857,1026.4710046749303,56000
0.03490266825258729,2.123801693439483,110.27301374816908,148.4131622314453,-247.38628869628914,2.2239232874289185,-5258.761293945303,-5258.761293945303,161.17171193695094,159.878109085083,5259.60759814453,0.8463037388771782,0.03490254410356284,12.590511311531069,127.28736793518073,148.4131622314453,-104.92711451721192,-1.5940790364444275,-3775.726987304689,-3775.726987304689,88.37917198944099,89.39737094879145,3777.3997148437516,1.6727267200350757,0.03490229962021107,14.015689223289494,152.7407089729304,148.4131622314453,-100.60414334869374,-0.7041517139039931,-3618.310843750002,-3618.310843750002,87.23084348297142,87.06458050155632,3620.3338803710967,2.023037260472779,1.0,20.4,12.3,11.233333333333334,300.0,300.0,283.6,1493.9114176921069,922.4235468739158,794.2605113533784,1070.1984919731337,57000
0.03518225770443673,2.104768498063081,111.41021200942986,148.4131622314453,-247.9213414154051,2.2956826430670914,-5261.733439453122,-5261.733439453122,156.2414924087526,155.6523497772218,5262.58333593749,0.8498912764489672,0.0351823208741843,12.65702055072788,128.63051665496835,148.4131622314453,-104.67841168212894,-1.5238806002438097,-3767.9391044921863,-3767.9391044921863,88.03734643173213,88.24500107955927,3769.61478808594,1.6756815487146417,0.03518227536231275,14.08654373836517,159.93496948242182,148.4131622314453,-100.94712444305408,-0.5499671393800519,-3614.787156738285,-3614.787156738285,88.25590801620493,87.09420840835574,3616.861461425779,2.074308437883855,0.1,19.4,10.4,9.966666666666667,285.5,296.3,300.0,1465.373616274109,830.8809070160854,717.6486196543963,1004.6343809815302,58000
0.03523401352763171,2.1227618052959465,111.30543632125872,148.4131622314453,-248.13752981567382,2.0989394247606286,-5259.601665527342,-5259.601665527342,159.6542085494995,158.2984141387943,5260.492269042959,0.8905996780246491,0.035233917858451605,12.638875527381925,126.50771681976317,148.4131622314453,-104.76665856933592,-1.5731275736466044,-3767.838316406249,-3767.838316406249,88.6129576492311,89.06201330947879,3769.449196533204,1.6108816618919335,0.03523372384905825,14.143573433876051,157.81495782470708,148.4131622314453,-101.30358805847156,-0.5794275869373241,-3604.7884028320304,-3604.7884028320304,88.55272692871073,87.70233746719359,3606.9867600097696,2.198355583071714,0.0,28.2,14.7,14.299999999999999,300.0,300.0,278.5,1578.4504725167712,896.0565046257683,775.2659099463312,1083.2576290296236,59000
0.03513293781876563,2.126842119812965,112.18500278854367,148.4131622314453,-248.5271907043454,2.0595295778214924,-5258.175918945303,-5258.175918945303,160.1152360916136,159.6037299118044,5259.036908691412,0.8609916017651563,0.03513275471329685,12.61628355884556,127.50045788574229,148.4131622314453,-105.13978351593013,-1.7288299277983576,-3771.503026855466,-3771.503026855466,89.5099437026975,89.98794469070427,3773.0698645019493,1.5668377054929732,0.035132497150450914,14.229973942756649,157.41525286102294,148.4131622314453,-101.29643178558347,-0.4805686996597781,-3589.3822312011666,-3589.3822312011666,90.09965376281735,89.7501219139098,3591.495384521485,2.1131546003222486,0.2,23.9,11.0,11.699999999999998,275.8,300.0,300.0,1420.6350285718609,884.2405718613414,875.9108097092827,1060.2621367141617,60000
0.03480702598020439,2.149787310361868,112.98172369384764,148.4131622314453,-248.39751947021466,2.2728989135622966,-5255.727603515622,-5255.727603515622,162.00069577026372,161.18460237121582,5256.648766113282,0.9211672329753638,0.03480691444501292,12.674499715805055,127.53423648834247,148.4131622314453,-104.92328574371331,-1.7318708302862922,-3764.2030178222676,-3764.2030178222676,88.44441728973415,89.43570268630984,3765.816113037112,1.6130963606834412,0.034806711070239534,14.231249820709248,157.47869183349619,148.4131622314453,-100.94351515960696,-0.5838835134170969,-3587.923506835932,-3587.923506835932,89.11580158233632,88.0515211524965,3590.0574482421907,2.1339429941773465,0.0,24.3,11.1,11.799999999999999,300.0,300.0,300.0,1423.060010259857,908.6789747383266,774.6682374044575,1035.4690741342138,61000
0.03505128500983119,2.132890621542934,115.17558365631093,148.4131622314453,-248.5226198272705,2.2293002244438935,-5257.986562011726,-5257.986562011726,158.5163546447752,157.93162460327133,5258.89388916015,0.9073297504186624,0.03505125291273004,12.704049932479853,128.0849154052733,148.4131622314453,-105.1072266693113,-1.6164415863268056,-3762.370809326176,-3762.370809326176,90.1219162368777,90.81064993667616,3763.9957287597663,1.6249228745102904,0.03505112980678679,14.19627936553953,150.62678794097903,148.4131622314453,-100.66142838287337,-0.5273488111328328,-3604.362086425783,-3604.362086425783,88.79499100494358,88.251257297516,3606.5534411621097,2.1913508530855186,0.0,21.0,11.9,10.966666666666667,300.0,300.0,300.0,1533.9684201319774,827.012701007547,817.1457504209028,1059.3756238534759,62000
0.03481665241718305,2.1277743389606543,118.31302331542972,148.4131622314453,-248.6801249847413,2.344382072780283,-5257.747821289073,-5257.747821289073,156.4327332344054,156.19744132232668,5258.677917480478,0.9300928271114848,0.034816525619477096,12.734844192504879,125.88782527542115,148.4131622314453,-105.3527391662599,-1.5819101780466764,-3755.8336105956987,-3755.8336105956987,89.55085624694809,89.81643647766113,3757.4449135742198,1.611302732169631,0.03481625843420624,14.216564003944416,148.85918520355196,148.4131622314453,-100.17464866638198,-0.8905020310450344,-3593.3126037597603,-3593.3126037597603,88.70774182510375,88.02144110107429,3595.407829833987,2.0952252675294853,3.2,17.2,11.5,10.633333333333333,300.0,281.6,285.4,1360.7585340030698,804.1164810985341,811.9976869984413,992.290900700015,63000
0.03473589913547041,2.1397992970943482,122.92482550430312,148.4131622314453,-248.80273715209998,2.310876239616424,-5256.209433593756,-5256.209433593756,157.7256872863768,157.0497916030887,5257.188400390626,0.978969946742058,0.034735870655625986,12.771426195144645,127.47670541381834,148.4131622314453,-105.3863600769044,-1.5964136729389435,-3752.5270493164066,-3752.5270493164066,90.67801383590691,91.01465932464596,3754.2375109863324,1.7104674643874151,0.03473573380708697,14.208137505531315,149.67025948333753,148.4131622314453,-99.89241874694824,-0.6447067124806337,-3595.498986816407,-3595.498986816407,88.71444275283814,88.14346958160402,3597.605701904298,2.1067135717272794,0.0,17.1,12.2,9.766666666666667,300.0,300.0,300.0,1497.566403140542,896.4933000113009,832.5948409063924,1075.5515146860782,64000
0.034832533568143975,2.158566777944572,130.31150734710727,148.4131622314453,-249.08865316772452,2.306054184325043,-5253.918939453133,-5253.918939453133,163.78484716796896,163.0715362548828,5254.833478515619,0.914538142368198,0.03483241032436495,12.79906108474734,125.86876472091659,148.4131622314453,-105.12218991088884,-1.8100351735390716,-3743.5274555664023,-3743.5274555664023,89.70794873046859,90.0078348770141,3745.1731921386704,1.6457350755929925,0.03483219575136903,14.161643512725824,156.4093834075925,148.4131622314453,-100.0721015014648,-0.5938575899396081,-3600.636975585937,-3600.636975585937,87.49203746795654,87.47851841735837,3602.732430664059,2.0954559794068275,3.4,15.1,10.2,9.566666666666666,300.0,300.0,300.0,1489.7512429145838,885.9645119836199,828.6613452620662,1068.1257000534233,65000
0.03477949339151382,2.17668088185787,136.03986182785096,148.4131622314453,-249.20298226928696,2.3846311559379165,-5251.741395996097,-5251.741395996097,160.15627274322514,159.31580455780045,5252.785045898432,1.04365184567869,0.03477941022440787,12.832379692077668,125.7223268508912,148.4131622314453,-105.32856554412821,-1.7807926013302073,-3737.4671245117192,-3737.4671245117192,90.47588312911995,91.6010063667297,3739.125999755854,1.6588734873533248,0.03477923242375246,14.142033636093164,156.42293346405035,148.4131622314453,-99.99859580230715,-0.6109234282895917,-3603.3085781249983,-3603.3085781249983,87.42292724227889,87.36652507019046,3605.3683781738264,2.0598011348247582,0.0,9.6,7.4,5.666666666666667,300.0,274.5,300.0,1467.510785779316,767.6735938709057,817.8231821455269,1017.6691872652495,66000
0.03462678800523276,2.1505649544000636,143.42481274032585,148.4131622314453,-249.43865159606966,2.324294880092142,-5255.788083984385,-5255.788083984385,157.39043544769282,156.9578729095458,5256.709899902326,0.921814355283975,0.03462668829411259,12.907470025062556,123.55633976745618,148.4131622314453,-105.07996760559055,-1.7211372301429517,-3731.7680058593764,-3731.7680058593764,90.86856138992313,91.0468807792664,3733.409334960939,1.6413279497623432,0.03462649130448705,14.09828242206573,155.91064334106434,148.4131622314453,-99.99005527496313,-0.633483065338804,-3614.549421386715,-3614.549421386715,85.82440536880472,85.45462445831284,3616.7232895507864,2.1738659917116165,0.0,13.2,12.5,8.566666666666666,300.0,300.0,300.0,1527.1147090548297,884.1202686273346,903.8818190290258,1105.0389322370634,67000
0.03477312095090756,2.1382151412963775,153.70786164092985,148.4131622314453,-249.17197874450696,2.353202621430162,-5256.942435058587,-5256.942435058587,160.85296282958933,160.3809125518798,5257.996586425789,1.0541529318541294,0.03477307812124487,12.962195508956926,123.13445818328849,148.4131622314453,-105.38986479949946,-1.8666058294996635,-3721.259575195313,-3721.259575195313,89.38501679611215,90.71317428970313,3723.0043200683594,1.7447464596629123,0.03477297326549895,14.038268413543692,155.20278749847466,148.4131622314453,-100.31771746063222,-0.3953622208125888,-3612.4070534667944,-3612.4070534667944,88.85513991165163,87.69777008056653,3614.5470659179714,2.140012482702733,0.0,15.3,17.0,10.766666666666666,300.0,300.0,300.0,1468.831998673664,888.9957710084952,887.553403294487,1081.7937243255487,68000
0.034760098431259365,2.133160896301268,155.46248190689099,148.4131622314453,-249.02813627624522,2.395216862015421,-5258.45432128906,-5258.45432128906,160.12916773986817,160.05653449249274,5259.880063476567,1.4257290279269208,0.03475997778028242,12.984592323303227,119.8559353637695,148.4131622314453,-105.2269326248171,-1.9285067120343464,-3718.2565219726525,-3718.2565219726525,89.71014329910265,90.97399740982053,3719.913971679686,1.6574507958292946,0.034759779013693363,13.997015460014337,146.8892306747438,148.4131622314453,-100.37549919128408,-0.5320042365565895,-3616.9761118164,-3616.9761118164,86.85337799072279,86.574339996338,3619.070003173824,2.093888487875448,8.6,12.9,8.9,10.133333333333333,262.3,300.0,300.0,1034.9267072520267,814.8881695047548,770.3412610310331,873.3853792626049,69000
0.034759839814156354,2.1465095515251162,157.76450494766235,148.4131622314453,-249.26048588562023,2.321960659980777,-5255.560125488277,-5255.560125488277,160.71571041107165,160.32073065948484,5256.9883935546895,1.4282721298337002,0.034759883757680694,13.045008443832407,120.84597058868422,148.4131622314453,-105.09221768951397,-1.8021876608096068,-3713.001773437505,-3713.001773437505,87.62839252853401,88.93229794311523,3714.6976965332046,1.6959242594242094,0.03475987987965349,14.055709465980518,149.47639052581798,148.4131622314453,-100.33260025024423,-0.2537816077154134,-3613.758322509767,-3613.758322509767,87.8720682601927,86.85907022094726,3615.972115478515,2.2137937309741913,4.2,12.4,8.5,8.366666666666667,300.0,281.8,247.9,1364.6832888318124,789.1600875548154,701.7566535006775,951.8666766291018,70000
0.03486574722826483,2.118276234626774,164.22308559799183,148.4131622314453,-249.48919532775884,2.2118480905964946,-5260.144738769525,-5260.144738769525,159.0030948028564,158.76247539520247,5261.35601025389,1.211272020399568,0.03486562583968038,13.090759090423594,121.20693287658662,148.4131622314453,-104.85653968811052,-1.8611209165826408,-3708.1887541503875,-3708.1887541503875,88.42876286697376,89.57324865722651,3709.8108967285148,1.6221455758810046,0.034865447565913116,14.09443322753903,149.78717031860344,148.4131622314453,-100.54019609069822,-0.38631297967210415,-3610.1889187011666,-3610.1889187011666,89.24058364105221,88.9716717453003,3612.4147822265522,2.2258621060252146,0.0,14.1,11.7,8.6,300.0,300.0,300.0,1529.2757713753108,911.411867353786,894.5826994131801,1111.756779380759,71000
0.03503491885960114,2.123443772435182,170.4462909660343,148.4131622314453,-249.49951307678205,2.2884719043243735,-5259.83798193358,-5259.83798193358,162.44673063659687,162.15438432311998,5260.803453124993,0.9654609684795129,0.035034822311252455,13.129976366043106,120.4416229667662,148.4131622314453,-104.5672237091062,-2.009024488190197,-3694.7484694824234,-3694.7484694824234,86.82456129837037,87.11294902038544,3696.419983642572,1.6715120213031753,0.03503469203412532,14.10605824661254,150.1522527084348,148.4131622314453,-100.56645145416282,-0.26406112015433625,-3601.024664306643,-3601.024664306643,90.18925440216073,89.80182127761866,3603.27926879883,2.254603832960125,0.1,16.2,19.6,11.966666666666669,296.6,277.9,297.6,1544.888560126276,787.2830345299351,913.0790210590045,1081.750205238405,72000
0.034933242101222325,2.121219981074333,175.98580701446554,148.4131622314453,-248.99044509887727,2.218419422760603,-5259.864361328129,-5259.864361328129,161.78245477294885,161.95902617645257,5261.4497192382805,1.585357805863021,0.03493311430886381,13.208081266403184,118.97174881744387,148.4131622314453,-104.32363176345841,-1.8827405950948588,-3690.694417724605,-3690.694417724605,89.6358008804321,89.25334084320072,3692.4124440917967,1.7180283812284467,0.034932933948934125,14.088580003738418,150.28383259963974,148.4131622314453,-100.93394397735602,-0.37651450555771543,-3606.1348666992217,-3606.1348666992217,89.84612627029408,89.24571754074077,3608.3824370117136,2.2475687656998566,0.0,17.0,13.2,10.066666666666666,300.0,300.0,300.0,1555.8055047843702,900.22397702907,908.0360968634548,1121.3551928922982,73000
0.034999468863010516,2.103616616129876,180.81759827804555,148.4131622314453,-249.33242195129407,2.274625978350647,-5262.290015136724,-5262.290015136724,159.88235552215562,159.6054256210331,5263.676205566413,1.38619638286531,0.034999370548874184,13.234378171920788,118.56447974395748,148.4131622314453,-104.5438867568969,-1.8531969450898458,-3683.360866455075,-3683.360866455075,90.07319290161129,90.94158166122443,3685.1116572265632,1.750792228698729,0.03499920491874223,14.12084650897983,143.23895072174037,148.4131622314453,-100.78404304504386,-0.4494611432980745,-3597.7938959960893,-3597.7938959960893,90.86215722274797,89.54621184158326,3600.078674072273,2.2847777447104463,0.0,21.7,4.6,8.766666666666666,300.0,300.0,259.5,1494.6346708246406,898.2839032158084,466.09115598381084,953.00324334142,74000
0.034940231796354075,2.0941192200183867,184.1184517135622,148.4131622314453,-249.0614972229006,2.334834086693828,-5263.829070312514,-5263.829070312514,156.3111397476197,155.90036334228515,5265.160471191413,1.3314029224216941,0.0349401600398124,13.275996147155766,116.87431016540519,148.4131622314453,-104.60959979248038,-1.9253708772025973,-3682.344144042963,-3682.344144042963,89.5907176628111,91.07122538757315,3684.2105722656274,1.8664283972978608,0.03494003942608827,14.070636131286614,146.85735523223855,148.4131622314453,-100.95998451995862,-0.3406695839855826,-3601.852319824213,-3601.852319824213,88.88686442565907,89.15918541717538,3604.096721679688,2.244403797924518,7.7,16.5,13.0,12.4,300.0,300.0,298.7,1356.9864199513347,865.5720430705984,895.0637195154353,1039.207394179123,75000
0.03522894548997291,2.0567956309318522,177.9258708419799,148.4131622314453,-249.6014730682377,2.2584313053302454,-5269.781500488294,-5269.781500488294,159.41492456054692,159.67511827087426,5271.161625976554,1.3801146820783576,0.035228841736912944,13.265346074104295,115.17582167053206,148.4131622314453,-105.02798992919946,-1.9510042812898747,-3678.736355712893,-3678.736355712893,90.58631599044813,91.52943331527699,3680.524783935544,1.788430503904821,0.03522869563847789,14.066929487228403,143.264141036987,148.4131622314453,-101.29042398834223,-0.31481393354386084,-3606.5813747558586,-3606.5813747558586,88.71927512741061,88.2294842681884,3608.836022705078,2.254644366681576,0.8,17.5,10.4,9.566666666666668,300.0,300.0,299.8,1430.0007697370033,911.5317741357214,912.3615881674956,1084.6313773467402,76000
0.03522363846004009,2.0178436844348924,171.84850807571405,148.4131622314453,-250.21537997436536,2.1509431118033833,-5274.758901367192,-5274.758901367192,157.18172720336912,156.68698285675077,5275.8371621093875,1.0782589603513466,0.03522356950491663,13.30915598678587,116.48203709411624,148.4131622314453,-104.82967917633047,-1.769125908344981,-3673.330838867194,-3673.330838867194,90.89614743041969,91.92581896972659,3675.113501220705,1.7826618007421478,0.0352234513238073,14.063528362274186,143.53921641159064,148.4131622314453,-101.4790278778077,-0.3165612249355765,-3614.298526855471,-3614.298526855471,89.81782207870485,89.56423208236697,3616.546915039063,2.2483892474770597,0.1,15.6,7.8,7.833333333333333,299.9,300.0,300.0,1541.2458350757531,895.8992098830058,815.8947613250829,1084.3466020946141,77000
0.035006831496953994,2.031084858298303,173.54413801574705,148.4131622314453,-250.63711853027374,2.277311720121654,-5272.076452148436,-5272.076452148436,155.41282111358635,155.37090684509292,5273.174062011726,1.0976104929447148,0.03500663577392702,13.377625769615188,115.57051391601559,148.4131622314453,-104.36724084472671,-2.0347101011201696,-3667.604086669925,-3667.604086669925,87.1270024604796,88.58973838806162,3669.460711914063,1.8566237782239943,0.035006388198584266,14.137960678100585,145.49067834472632,148.4131622314453,-101.70025611114507,-0.4164650913663203,-3607.038782958987,-3607.038782958987,90.61744457244895,90.06492969894391,3609.2657065429703,2.2269242257475854,3.2,33.3,13.0,16.5,296.5,300.0,300.0,1490.2410178251848,790.0246214739584,867.2731612436098,1049.1796001809178,78000
0.034950975473970095,2.0227081906795474,171.3480723037717,148.4131622314453,-250.81413906860377,2.2875099052488803,-5273.0686538086065,-5273.0686538086065,156.06789456176756,156.14329310607897,5274.116604492188,1.0479488984346388,0.034950898665934683,13.356433028221117,119.18545472717281,148.4131622314453,-104.53893921661373,-1.892764544643461,-3665.852750000002,-3665.852750000002,88.64841656494153,90.36667279434192,3667.844712158209,1.9919633725881598,0.034950770072639054,14.171108083724967,144.82794614410392,148.4131622314453,-101.61051460266117,-0.34701896873116556,-3603.2760642089825,-3603.2760642089825,90.27482987213148,90.38477248001101,3605.5190942382746,2.2430281944274957,0.0,13.6,14.3,9.299999999999999,300.0,300.0,285.5,1362.60278133887,875.3891275286929,782.7910738178035,1006.9276608951221,79000
0.03524711739271871,2.034241136074066,172.91767516708356,148.4131622314453,-251.19853790283216,2.239635476674885,-5271.398667968742,-5271.398667968742,155.08764479064956,154.48949610137944,5272.641642578125,1.2429670425057395,0.035247120406478594,13.315819835662833,117.98776667022689,148.4131622314453,-104.45934184265143,-1.8788262561298932,-3672.6379475097697,-3672.6379475097697,89.9764579086304,91.36767206192025,3674.691894042969,2.053945701718334,0.03524709581583739,14.106937580108651,144.9931064453123,148.4131622314453,-101.76493421173083,-0.16131278279423716,-3609.8753432617186,-3609.8753432617186,90.36473416137716,90.20183065032957,3612.0427856445326,2.167442588210104,0.0,11.2,11.6,7.599999999999999,300.0,300.0,300.0,1517.2678706535432,897.290576177239,835.5643108890357,1083.3742525732728,80000
0.03515941186994313,2.0747648308277076,189.54025713729865,148.4131622314453,-251.03511172485386,2.2202696037441454,-5265.516383300784,-5265.516383300784,159.18931493377653,159.06710578918478,5266.79099414063,1.2746159470379372,0.03515924299135805,13.345274232864382,119.9474543609618,148.4131622314453,-104.15721971893305,-1.9265922749191529,-3667.4394899902372,-3667.4394899902372,90.13476217651386,91.7142569046021,3669.439477294915,1.999985788702958,0.035159019805490924,14.141974729537939,149.96852568054214,148.4131622314453,-101.91256413269035,-0.4085965870413922,-3605.252764648439,-3605.252764648439,88.94131226730346,88.98579890060418,3607.4493220214868,2.196559073030951,0.0,14.6,22.9,12.5,300.0,300.0,300.0,1525.2278602280592,877.1524537279759,910.8210016183475,1104.4004385247943,81000
0.0352800192125141,2.0902650212049574,189.27097289276125,148.4131622314453,-251.95924581909162,2.229569284327315,-5264.183488281248,-5264.183488281248,155.18808190155022,155.24370173645025,5265.6512602539015,1.4677738784253616,0.035279979351908,13.37771993827818,121.86340105438249,148.4131622314453,-104.012173828125,-1.8833823779821408,-3667.7542644042896,-3667.7542644042896,90.79841852569581,92.0660868568422,3669.642745117182,1.888480528175829,0.03527990190684795,14.195964029312131,151.8383521728518,148.4131622314453,-102.19229385375992,-0.23652519235759997,-3600.18567724609,-3600.18567724609,89.9924215927124,89.79175456237805,3602.4715708007816,2.285891495168208,0.0,15.5,12.9,9.466666666666667,300.0,300.0,300.0,1547.9227211068521,909.5928567292888,880.5912632120926,1112.7022803494112,82000
0.03519264753907918,2.1592829622030267,198.28966220092738,148.4131622314453,-251.88587570190404,2.0767910235747684,-5254.407335937485,-5254.407335937485,154.7230042190551,154.34560985565196,5255.817934570325,1.4105998707264626,0.035192517388612045,13.404058862686176,122.47102947235113,148.4131622314453,-104.14116914367673,-1.802417567260564,-3661.998344482416,-3661.998344482416,90.70523563003563,92.66182071685779,3664.1077482910105,2.109401861846445,0.035192342784255655,14.184302904129062,150.95795297241193,148.4131622314453,-102.43046079254135,-0.32887766068056185,-3596.331016845706,-3596.331016845706,90.57620412063582,90.73881247329706,3598.6970700683573,2.3660540523529083,0.1,18.8,16.8,11.9,296.9,300.0,300.0,1535.1626534776547,894.4390918141738,865.4787964976313,1098.3601805964865,83000
0.035084286931902096,2.1942109862565946,195.7511078643797,148.4131622314453,-252.2263194122316,2.1932235188335176,-5250.608641601569,-5250.608641601569,158.21783131408696,158.41280913543676,5252.026109374994,1.417465903446077,0.0350841657929122,13.421332199096703,119.34253020477313,148.4131622314453,-104.06149244689955,-1.7519928960353153,-3657.1233723144605,-3657.1233723144605,89.21466643524171,90.94099458312982,3659.2075375976556,2.0841649988293636,0.03508396888151777,14.131063427925078,149.77953990554838,148.4131622314453,-102.39988204193092,-0.48759128098562504,-3607.5921909179733,-3607.5921909179733,90.95788938140855,91.12925247573867,3609.94986938477,2.357674775838846,2.3,19.3,11.3,10.966666666666669,300.0,300.0,300.0,1339.3846117780597,904.9945475793996,779.8421567230378,1008.0737720268322,84000
0.03523702631145714,2.264062466859821,205.93480344772345,148.4131622314453,-252.19585191345192,2.235748498775069,-5239.20273730469,-5239.20273730469,161.00340006256093,161.07908786773646,5240.551954589834,1.3492182200849077,0.03523698356375097,13.431476471900933,119.69550523376468,148.4131622314453,-103.90046173858666,-1.8019788325689725,-3654.1186093749993,-3654.1186093749993,90.53056658172623,92.13960692977881,3656.14641430664,2.027805502593512,0.03523688517883421,14.088133240699753,150.99945160675023,148.4131622314453,-102.34361569976804,-0.3451545540615913,-3615.1877861328094,-3615.1877861328094,89.61858885192854,89.0921783790588,3617.5681123046843,2.380326521337037,0.1,14.5,11.7,8.766666666666666,294.9,300.0,300.0,1494.5863052276495,915.0123661406867,872.1922946535658,1093.9303220073007,85000
0.03537075059860933,2.3101515009403264,210.82314123535113,148.4131622314453,-251.93683941650394,2.255908617582171,-5233.57134082031,-5233.57134082031,157.71051020812996,157.99455738067647,5235.23707519531,1.6657362702637946,0.03537063684687023,13.524049366951013,119.48849595642073,148.4131622314453,-103.8216902923584,-1.965291209943595,-3645.772931152339,-3645.772931152339,88.65975055694584,89.97335617828358,3647.7259360351513,1.953008237421509,0.03537048131972553,14.119042287826554,154.9691097564698,148.4131622314453,-102.62881201171882,-0.3099337660893794,-3621.35093798828,-3621.35093798828,92.23706913375854,92.39282309341428,3623.6648288574215,2.313892417788506,1.5,23.5,19.1,14.700000000000001,300.0,300.0,300.0,1467.5009398320794,938.225465080048,905.6352695247818,1103.7872248123033,86000
0.035425486031919744,2.392457285284992,224.0061071090701,148.4131622314453,-251.904298553467,2.2999159437902232,-5221.416402832034,-5221.416402832034,154.70992780303953,155.29581723022426,5223.01538769531,1.5989826723337186,0.03542548711225396,13.529279016494726,114.19316978454583,148.4131622314453,-103.70990899658177,-1.8269024127535525,-3645.2630178222685,-3645.2630178222685,86.60474058914161,87.795390132904,3647.13247045899,1.8694484683871286,0.03542543832212682,14.098398771286,156.27229598236067,148.4131622314453,-102.75752397918713,-0.29927702691219715,-3616.5610354003925,-3616.5610354003925,89.1618634185791,89.12666616821262,3619.005381591795,2.444347659647459,2.6,21.7,10.6,11.633333333333333,269.6,300.0,300.0,1304.0398078602393,883.1210449186161,817.6716467855522,1001.6108331881359,87000
0.03549023313075308,2.3546838461160666,218.8723325996397,148.4131622314453,-251.9424596099849,2.0858308068364853,-5226.582291015623,-5226.582291015623,156.26749368286093,155.91414278411867,5227.841596191417,1.2593097703903868,0.035490103594958744,13.577394134521505,113.31193138122559,148.4131622314453,-103.89225699233987,-1.9507739229463061,-3627.012338134769,-3627.012338134769,89.754840686798,90.45458134841914,3628.7752106933576,1.7628744013309474,0.03548996019363401,14.123915234565718,159.22899954223624,148.4131622314453,-103.12460086059588,-0.15359386277012538,-3610.3826459960965,-3610.3826459960965,91.53781182479864,91.94608168411253,3612.7200747070374,2.3374289999604208,0.0,12.9,4.8,5.8999999999999995,300.0,300.0,266.5,1528.3294468404151,851.9386557747764,540.674645994344,973.6475828698452,88000
0.03535115545243032,2.3843827666044235,204.49456668472314,148.4131622314453,-252.26380627441387,2.1568514234796172,-5222.586055175774,-5222.586055175774,157.58617580413832,157.7844250259401,5223.988439941385,1.4023852542936837,0.0353509567342699,13.582687124252352,110.63936431121829,148.4131622314453,-104.06672409820548,-1.9647912496253865,-3629.9157622070297,-3629.9157622070297,90.39033724975586,91.36068252182004,3631.7068300781275,1.7910694612264648,0.03535071877390144,14.07825007534027,160.25122505950907,148.4131622314453,-103.1477572174073,-0.32575426470674557,-3620.890801269522,-3620.890801269522,91.40968306350723,91.48659780883774,3623.187845214836,2.2970458648204835,0.2,14.2,10.7,8.366666666666665,296.9,271.4,300.0,1559.995109606243,747.8247007184157,887.8855799457317,1065.23513009013,89000
0.03530035402625803,2.405256128549577,205.23884532546978,148.4131622314453,-251.97854959106428,2.185077022083104,-5220.704196289073,-5220.704196289073,157.7018289947511,157.4132568740846,5221.850866699212,1.1466651165783375,0.03530022875592104,13.608364701271052,108.953170463562,148.4131622314453,-103.84575923919658,-1.9206577620394534,-3632.129877929683,-3632.129877929683,91.20233826446548,93.21838544082628,3633.8207343749987,1.690854858100414,0.03530006524920462,13.895078642845125,159.00549627685515,148.4131622314453,-103.10088138580328,-0.29785997939109754,-3644.99488061523,-3644.99488061523,90.64031903839107,90.28128890609764,3647.210285888679,2.2154064944982585,0.0,17.4,14.6,10.666666666666666,300.0,279.9,300.0,1494.4715767636126,846.152009293327,890.2659957126216,1076.963193923187,90000
0.03512857761234043,2.4117129331827183,201.7351928176875,148.4131622314453,-252.05987565612824,2.198592012140897,-5218.197394042971,-5218.197394042971,157.57808688354476,156.7940331497191,5219.731632324234,1.5342321162521826,0.035128549955785314,13.643117384910576,107.0382048034667,148.4131622314453,-103.6960378952026,-1.824159380614756,-3623.617388671878,-3623.617388671878,91.83238677597048,93.49521129608137,3625.45030371094,1.8329122495651204,0.035128479048609676,13.888292934417715,156.5000302848821,148.4131622314453,-103.06713403701784,-0.2655900028608742,-3645.74556762695,-3645.74556762695,90.13086923980708,90.13884427261337,3647.9798330078092,2.234264575541018,0.0,22.4,15.4,12.6,300.0,280.1,300.0,1474.4735208575362,852.5333777233742,930.1177108015278,1085.7082031274792,91000
0.035239353828132196,2.404783816814427,192.42319222641,148.4131622314453,-252.42872958374002,2.0319772878996996,-5221.594023437503,-5221.594023437503,153.48029675292952,153.9518667068482,5223.100437988267,1.5064163208007795,0.03523913487792017,13.631493033409129,106.73716963195801,148.4131622314453,-103.57496985626204,-2.0511227903477844,-3622.8197072753874,-3622.8197072753874,91.28832062530526,92.64157727432247,3624.694526855476,1.8748212094903012,0.03523891418799756,13.862961206436148,162.72551493835425,148.4131622314453,-103.48722415161116,-0.13481548626162107,-3646.9069604492133,-3646.9069604492133,91.09606189346292,90.89374657058718,3649.0985656738235,2.191602773904795,0.0,18.0,8.6,8.866666666666667,300.0,300.0,259.4,1574.4905470281485,908.5157935079585,724.1225196764024,1069.0429534041698,92000
0.03516345481574533,2.3883571846485157,171.07143749237022,148.4131622314453,-252.2203751525876,2.1458382230848065,-5224.017444335934,-5224.017444335934,153.8428350067141,153.38152236175566,5225.165528808606,1.1480866429954726,0.03516332445666198,13.661786131858811,107.59669263839712,148.4131622314453,-103.58997891235343,-2.0522420586012315,-3616.5999887695334,-3616.5999887695334,89.65035741424559,90.76720193099987,3618.4526396484325,1.8526520032286649,0.03516318462044001,13.900809113502497,162.6722356185912,148.4131622314453,-103.38715008544946,-0.12785559704527233,-3652.495597656245,-3652.495597656245,91.49246992492667,91.55068003463732,3654.715793701171,2.220198831498624,0.0,19.0,15.3,11.433333333333332,300.0,300.0,300.0,1536.6549687068857,916.4465995327055,832.7291925749503,1095.2769202715137,93000
0.03520599756762393,2.404716008067135,158.78321845626806,148.4131622314453,-252.42021844482394,2.265826320253311,-5221.373870117194,-5221.373870117194,154.08217483520556,153.5941961135863,5222.507193847657,1.1333221250176413,0.03520603952556844,13.61035461235045,105.94115705108635,148.4131622314453,-103.60646709442157,-1.8086443443410092,-3628.1915942382825,-3628.1915942382825,90.28191049957263,91.98062207412727,3630.017961425786,1.82636995381117,0.03520604465156799,13.91924851226808,162.6257288513187,148.4131622314453,-103.47508782196061,-0.1883505894765256,-3642.3777348632766,-3642.3777348632766,93.01284087753284,93.45272924804712,3644.65540869141,2.2776758346557644,0.0,14.6,18.3,10.966666666666667,300.0,300.0,299.1,1583.3911589928966,903.1451772755557,909.2870656827934,1131.9411339837486,94000
0.03548748726025224,2.4112202256918,137.59817095184349,148.4131622314453,-252.5502957611083,2.0415499897301155,-5218.550745605457,-5218.550745605457,156.03535401916537,155.3463313140869,5219.653686035157,1.1029325636327254,0.03548736342787732,13.622981428146362,105.66572422790506,148.4131622314453,-103.84222412872306,-1.856286237400025,-3620.5537019043013,-3620.5537019043013,91.37835907363893,92.88039618682853,3622.4611611328137,1.9074578462243104,0.0354872165508567,13.934415694236764,165.3949918365479,148.4131622314453,-103.40037525176993,-0.19764219681173573,-3636.9904938964937,-3636.9904938964937,93.05331332397442,92.69964272689819,3639.3660134277357,2.375518918812279,0.0,15.9,43.6,19.833333333333332,300.0,300.0,275.0,1533.175218414358,876.8487008095108,695.0249036125875,1035.0162742788186,95000
0.035228812120854824,2.4390160497427034,135.3817061386109,148.4131622314453,-252.40173208618208,2.184460114169868,-5214.123027343739,-5214.123027343739,157.8768633499146,157.51904224395793,5215.225382324231,1.1023534217178816,0.0352286156378686,13.620423353195168,105.69864714050277,148.4131622314453,-103.8076507492067,-1.8969738011602322,-3620.164830078129,-3620.164830078129,91.15603028869626,92.69598127365134,3622.113344238277,1.9485118081569675,0.03522835850715629,13.991096522331237,163.92206452178962,148.4131622314453,-103.4253329544067,-0.4602066013738521,-3629.8045983886745,-3629.8045983886745,89.67312668991114,88.65065327072148,3632.1895170898447,2.3849180058240886,0.1,13.9,14.9,9.633333333333333,276.6,300.0,300.0,1314.028323641361,878.4111209409923,919.2668975481922,1037.2354473768485,96000
0.03512970541045063,2.4122412866353966,127.75019370269808,148.4131622314453,-252.36905683898945,2.169706458285453,-5217.506090332029,-5217.506090332029,153.98232407379155,153.36623155975315,5218.642321777324,1.1362264118939653,0.03512957709282632,13.546748794555649,105.64389786529544,148.4131622314453,-103.89320779418954,-1.792961427792908,-3630.2949645996177,-3630.2949645996177,90.74036409378044,92.45977482223516,3632.7713889160145,2.476423191130164,0.035129384815692985,14.01400925350189,154.53135259246827,148.4131622314453,-103.50199609375007,-0.4374332031533121,-3621.016333007813,-3621.016333007813,90.00593300247196,90.3189935913086,3623.39586035156,2.3795284534096703,0.6,9.9,13.7,8.066666666666666,300.0,300.0,300.0,1518.404686284171,852.1379843555536,880.5355689262484,1083.692746521991,97000
0.03504059054329996,2.351333443164826,121.71466366577154,148.4131622314453,-252.35525573730442,2.250627314276996,-5226.185332031256,-5226.185332031256,154.98689116668712,154.05015428924588,5227.313521484374,1.1281924861967554,0.035040485862642454,13.611293850898793,106.27684250640877,148.4131622314453,-103.52839324951145,-1.9167603406794382,-3625.5695356445285,-3625.5695356445285,92.74859121704105,94.36622306060808,3628.1918322753877,2.622298234403132,0.035040331266820435,13.958960612297064,155.03162630462617,148.4131622314453,-103.60627648925781,-0.3434735392220314,-3636.4299460449224,-3636.4299460449224,90.42771049499505,90.66324486923236,3638.7574565429677,2.3275144724249848,0.0,17.4,13.6,10.333333333333334,300.0,299.9,297.7,1484.5915113959993,906.5972065860864,909.8264258414572,1100.3383812745142,98000
0.035001617193222014,2.350595874667168,116.34216340255747,148.4131622314453,-252.16375746154785,2.3525133370645355,-5225.817986328125,-5225.817986328125,154.29583769226056,153.9638748321536,5226.885028808592,1.0670455951392677,0.035001464091241344,13.59514732265474,105.30811239624008,148.4131622314453,-102.7826513824464,-2.1160972472727346,-3625.8885500488327,-3625.8885500488327,93.4982564849854,94.32903472900409,3628.311963134764,2.4234129065871204,0.03500127494335177,13.957607474327105,155.95068251037594,148.4131622314453,-103.83222162628171,-0.3081819152254608,-3647.502648193358,-3647.502648193358,91.8502012290953,92.04867478942883,3649.848812255858,2.3461645467877306,0.1,10.1,16.5,8.9,298.3,300.0,263.8,1555.455940827038,896.0421079792106,757.5471285141656,1069.6817257734713,99000
0.0348880041651427,2.366876967549323,115.30359276199334,148.4131622314453,-252.3143670349121,2.2324988752081962,-5222.402056152348,-5222.402056152348,151.88825876617406,152.25377262878385,5223.500360839855,1.0983086718916917,0.03488783442974087,13.569328647613544,105.81971936035144,148.4131622314453,-102.3619984283447,-2.0503317909687744,-3632.0749787597692,-3632.0749787597692,91.29528280258184,92.51409675598143,3635.5842197265674,3.5092400459051145,0.03488763693347571,13.93685896587372,155.62405198669475,148.4131622314453,-103.57574406433106,-0.26083362629637236,-3642.0423635253924,-3642.0423635253924,91.02464879989648,90.72501089096068,3644.4108356933584,2.3684735991358723,0.1,19.4,12.1,10.533333333333333,288.0,300.0,300.0,1357.5174997570025,895.4296203632424,891.4049401154896,1048.1173534119116,100000
